id,title,tumblr_id
1,"One of the many statues that populate Vizcaya Museum and Gardens, in Miami. February 27th, 2009.",94948696
2,"Inside the Biltmore Hotel in Coral Gables, Florida. February 27th, 2009.",95475357
3,So I started a photoblog.,95767912
4,"Coral Gables City Hall. February 27th, 2009.",96108075
5,"Creepy dude hiding behind the coral walls of a grotto in Vizcaya’s gardens. February 27th, 2009.",96473245
6,"Coral Gables City Hall. February 27th, 2009.",96830653
7,"If I’m not mistaken, this is a statue of George Edgar Merrick, the real estate developer who was the planner and builder of Coral Gables in the 1920s. It’s just outside the Coral Gables City Hall. February 27th, 2009.",96848740
8,"Looking straight up at the ceiling of the Coral Gables City Hall. February 27th, 2009.",97192178
9,"Succulent. March, 2008.",98118695
10,"Fuzzy leaves on a fuzzy succulent. April, 2008.",98493798
11,"Macro of a teeny tiny orchid, maybe about an inch wide. But look at those colors! January, 2008.",98868420
12,"Macro of the inflorescence of a bromeliad. March, 2008.",99251257
13,"Macro of an Etlingera Elatior, locally known as a Bastón del Emperador (Emperor’s Cane). January, 2008.",99628885
14,"The tower of the Biltmore Hotel in Coral Gables. I wonder what the view is like from up there. February 27th, 2009.",100617464
15,"Almeria Avenue in Coral Gables, with its beautiful natural canopy of ficus and banyan trees. February 27th, 2009.",101428207
16,"The Biltmore Hotel and DeSoto Fountain, as seen from Almeria Avenue in Coral Gables. February 27th, 2009.",102244038
17,"The courtyard in front of the ballroom at the Biltmore Hotel. February 27th, 2009.",102244392
18,"A fresco adorns a ceiling at Vizcaya Museum & Gardens in Coral Gables. February 27th, 2009.",103530374
19,"Biltmore Hotel, Coral Gables, Florida. February 27th, 2009.",105007338
20,"Biltmore Hotel, Coral Gables, Florida. February 27th, 2009.",105547972
21,"Lincoln Road, Miami Beach. February 27th, 2009.",106223408
22,"The Temple of Jobs at 738 Lincoln Road, Miami Beach. February 27th, 2009.",107170803
23,"A building near Ocean Drive in Miami Beach. February 27th, 2009.",108251484
24,"Playa San Luis, in Cumaná, Venezuela. December 31st, 2006.",109449718
25,"Playa San Luis, in Cumaná, Venezuela, as seen from Hotel Los Bordones. December 30th, 2007.",110497322
26,"Hotel Los Bordones, in Cumaná, Venezuela, with the Gulf of Cariaco and the Araya Peninsula in the background. December 30th, 2007.",111495153
27,"Experimenting with silhouettes at the beach. Cumaná, Venezuela, December 31st, 2007.",113213143
28,"Perimetral Avenue, Cumaná, Venezuela, at dawn. October 24th, 2006.",114266305
29,By your ⌘.,116768964
30,This beach sunset is dedicated to milkglassmao.,123936418
31,"Almeria Avenue in Coral Gables, with its beautiful natural canopy of ficus and banyan trees. February 27th, 2009.",180871303
32,"Hotel Los Bordones, Cumaná, Venezuela. December 30th, 2007.",181499255
33,"Miami International Airport. February 28th, 2009.",211150487
34,"A woman smokes in her car on a rainy day at the Luis Roche Ave. in Caracas. October 15th, 2009.",223827889
35,"Rainy day in Caracas. Taken on Luis Roche Ave. in Altamira. October 9th, 2009.",230763216
36,"Parque Cristal, in Chacao, Caracas. October 21st, 2009.",237528867
37,"Rochester, New York. December 18th, 2009.",314658376
38,"SoHo, New York City. December 21st, 2009.",320235741
39,"Rochester Water-Works, Rochester, New York. December 18th, 2009.",325226823
40,"George Eastman House, Rochester, New York. December 18th, 2009.",328898610
41,"High Falls, Rochester, New York. December 18th, 2009.",342563707
42,"Ghirardelli Square, San Francisco, California. January 22nd, 2010.",360522183
43,"Hotel Vertigo, San Francisco. January 24th, 2010.",366840698
44,"Union Square, San Francisco. January 28th, 2010.",378026596
45,"Lighthouse at Alcatraz, San Francisco. January 23rd, 2010.",383779199
46,"Warden’s Home, Alcatraz Island, San Francisco. January 23rd, 2010.",392994240
47,"Broadway & Hyde, San Francisco. January 22nd, 2010.",398591495
48,"Alcatraz, San Francisco. January 23rd, 2010.",407212827
49,"Alamo Square, San Francisco. January 24th, 2010.",413398849
50,"Alamo Square, San Francisco. January 24th, 2010.",422126479
51,"Fulton & Steiner Streets, San Francisco. January 24th, 2010.",428389353
52,"Haight-Ashbury, San Francisco. January 24th, 2010.",437120559
53,"Telegraph Hill, San Francisco. January 22nd, 2010.",452567439
54,"Fisherman’s Wharf, San Francisco. January 26th, 2010.",459515396
55,"Chrysler Building, New York City. December 16th, 2009.",468497313
56,"Lower Manhattan, New York City. December 16th, 2009.",484585590
57,"St. Patrick’s Cathedral, New York City. December 21st, 2009.",500975447
58,"Geary Street, San Francisco. January, 2010.",518554060
59,"Lombard & Leavenworth streets, San Francisco. January 22nd, 2010.",535904027
60,"Corner of Haight & Ashbury. January 24th, 2010.",553571100
61,"Corner of Market & 3rd, San Francisco. January 27th, 2010.",569976275
62,"Alcatraz Island, San Francisco. January 23rd, 2010.",588715949
63,"The Transamerica Pyramid, San Francisco. January 25th, 2010.",610148841
64,"Biltmore Hotel, Coral Gables. February 27th, 2009.",762225244
65,"Caracas, looking east over the Francisco Fajardo highway from Altamira. October 16th, 2009.",813293673
66,"El Cafetal, Caracas, in the rain. October 6th, 2009.",851401866
67,"The Golden Gate Bridge, San Francisco. January 24th, 2010.",1225774083
68,"Alcatraz Island from Pier 39, San Francisco. January 26th, 2010.",1228697382
69,"San Francisco, from Alcatraz Island. January, 2010.",1404253827
70,"The Transamerica Pyramid, from Coit Tower. January, 2010.",1410300389
71,"Recoleta, Buenos Aires, Argentina. December 21st, 2011.",14815106227
72,"Church of Nuestra Señora del Pilar, Recoleta, Buenos Aires. December 21st, 2011.",14861967044
73,"General San Martín, Plaza de Mayo, Buenos Aires. December 19th, 2011.",14916775918
74,"Av. Callao, Recoleta, Buenos Aires. December 18th, 2011.",14970881295
75,"Av. Callao, Recoleta, Buenos Aires. December 18th, 2011.",15023721438
76,"San Telmo, Buenos Aires. December 18th, 2011.",15079154432
77,"Casa Rosada, Buenos Aires, Argentina. December 19th, 2011.",15124096356
78,"Puerto Madero, Buenos Aires. December 17th, 2011.",15180125628
79,"Recoleta, Buenos Aires. December 21st, 2011.",15238924543
80,"Av. Figueroa Alcorta, Buenos Aires, Argentina. December 20th, 2011.",15292534277
81,"Av. Figueroa Alcorta, Buenos Aires. December 20th, 2011.",15298551850
82,"Pirámide de Mayo, Plaza de Mayo, Buenos Aires. December 19th, 2011.",15345524883
83,"Diagonal Norte, Buenos Aires. December 19th, 2011.",15369401443
84,"Caminito, Buenos Aires. December 18th, 2011.",15398575450
85,"Caminito, Buenos Aires. December 18th, 2011.",15451609687
86,"Mercado Central de Santiago, Chile. December 10th, 2011.",15509010736
87,"Mercado Central de Santiago, Chile. December 10th, 2011.",15514961565
88,"Costanera Norte, Santiago, Chile. December 10th, 2011.",15566506599
89,"Santiago, Chile. December 10th, 2011.",15618964827
90,"Costanera Norte, Santiago, Chile. December 12th, 2011.",15669255727
91,"Concha y Toro vineyards, Santiago, Chile. December 11th, 2011.",15721163573
92,"Concha y Toro vineyards, Santiago, Chile. December 11th, 2011.",15770990322
93,"Santa Rita vineyards, Santiago, Chile. December 11th, 2011.",15823791055
94,"Ushuaia, Argentina. December 13th, 2011.",15881965664
95,"El Calafate, Argentina. December 13th, 2011.",15943333607
96,"El Calafate, Argentina. December 13th, 2011.",16004201841
97,"El Calafate, Argentina. December 14th, 2011.",16057942891
98,"El Calafate, Argentina. December 14th, 2011.",16111423753
99,"The old Route 15 to Parque Nacional Los Glaciares, near El Calafate, Argentina. December 14th, 2011.",16166891586
100,"Parque Nacional Los Glaciares, Santa Cruz, Argentina. December 14th, 2011.",16221898353
101,"Lago Roca, Santa Cruz Province, Argentina. December 14th, 2011.",16283734601
102,"Lago Roca, Santa Cruz Province, Argentina. December 14th, 2011.",16348706768
103,"Lago Roca, Santa Cruz Province, Argentina. December 14th, 2011.",16404555007
104,"Perito Moreno glacier, Santa Cruz, Argentina. December 14th, 2011.",16461426511
105,"Perito Moreno glacier, Santa Cruz, Argentina. December 14th, 2011.",16518190153
106,"Perito Moreno Glacier, Santa Cruz, Argentina. December 14th, 2011.",16575025864
107,"Perito Moreno glacier, Santa Cruz, Argentina. December 14th, 2011.",16631461946
108,"The Perito Moreno glacier, Santa Cruz, Argentina. December 14th, 2011.",16692513861
109,"Perito Moreno Glacier, Santa Cruz, Argentina. December 14th, 2011.",16757305053
110,"Perito Moreno Glacier, Santa Cruz, Argentina. December 14th, 2011.",16763801633
111,"Canal de los Témpanos, Lago Argentino, Santa Cruz, Argentina. December 14th, 2011.",16822109354
112,"Canal de los Témpanos, Lago Argentino, Argentina. December 14th, 2011.",16867529096
113,"Canal de los Témpanos, Lago Argentino, Argentina. December 14th, 2011.",16923541278
114,"Cerro Los Elefantes, near El Calafate, Argentina. December 14th, 2011.",16978515104
115,"Route 11, leading back to El Calafate, Argentina. December 14th, 2011.",17034769426
116,"El Calafate, Santa Cruz Province, Argentina. December 14th, 2011.",17096234121
117,"El Calafate, Argentina. December 14th, 2011.",17154860629
118,"Cerro Calafate, El Calafate, Argentina. December 14th, 2011.",17159648824
119,"El Calafate, Argentina. December 15th, 2011.",17165471956
120,"El Calafate, Argentina. December 15th, 2011.",17177529183
121,"El Calafate, Argentina. December 15th, 2011.",17213948315
122,"El Calafate, Argentina. December 15th, 2011.",17218172535
123,"Lagunas Nimez, El Calafate, Argentina. December 16th, 2011.",17223547624
124,"Lagunas Nimez, El Calafate, Argentina. December 16th, 2011.",17230762424
125,"El Calafate, Argentina. December 16th, 2011.",17264755056
126,"El Calafate, Argentina. December 15th, 2011.",17268380114
127,"Puerto Madero, Buenos Aires. December 17th, 2011.",17272536971
128,"El Cuartito, Buenos Aires. December 17th, 2011.",17277937863
129,"Obelisco de Buenos Aires, Argentina. December 17th, 2011.",17285049255
130,"Florida Street, Buenos Aires, Argentina. December 17th, 2011.",17318969320
131,"Gath & Chaves building, Buenos Aires, Argentina. December 17th, 2011.",17322588184
132,"Corner of Defensa & Humberto Primero, Buenos Aires. December 18th, 2011.",17326753766
133,"Mercado San Telmo, Buenos Aires. December 18th, 2011.",17331990561
134,"Teatro Colón, Buenos Aires, Argentina. December 19th, 2011.",17338960263
135,"Café Tortoni, Buenos Aires. December 19th, 2011.",17372353376
136,"El Ateneo Grand Splendid, Buenos Aires, Argentina. December 19th, 2011.",17376075379
137,"University of Buenos Aires, Argentina. December 20th, 2011.",17380236116
138,"Floralis Genérica, Buenos Aires, Argentina. December 20th, 2011.",17385180952
139,"Buenos Aires Museum of Latin American Art, Argentina. December 20th, 2011.",17391496510
140,"La Recoleta Cemetery, Buenos Aires, Argentina. December 20th, 2011.",17426052599
141,"Argentine National Congress, Buenos Aires. December 21st, 2011.",17431644599
142,"The Staten Island Ferry, New York City. April 14th, 2011.",17438243442
143,"Eastern Market, Washington, DC. July 2nd, 2011.",17444976847
144,"Potomac Avenue Metro Station, Washington, DC. July 3rd, 2011.",17451753668
145,"National Zoo, Washington, DC. July 3rd, 2011.",17488094401
146,"National Zoo, Washington, DC. July 3rd, 2011.",17493826685
147,"Old Post Office, Washington, DC. July 6th, 2011.",17500943862
148,"The Washington Monument, Washington, DC. July 6th, 2011.",17508563793
149,"Old Post Office, Washington, DC. July 6th, 2011.",17516219628
150,"Federal Triangle, Washington, DC. July 6th, 2011.",17552113732
151,"Chinatown, Washington, DC. July 8th, 2011.",17555907330
152,"The House Where Lincoln Died, Washington, DC. July 8th, 2011.",17560257562
153,"Ford’s Theatre, Washington, DC. July 8th, 2011.",17565921512
154,"United States Capitol building, Washington, DC. July 8th, 2011.",17573336398
155,"Ulysses S. Grant Memorial, at the base of Capitol Hill, Washington, DC. July 8th, 2011.",17607726167
156,"National Air and Space Museum Udvar-Hazy Center, Chantilly, VA. July 9th, 2011.",17611267662
157,"National Air and Space Museum Udvar-Hazy Center. July 9th, 2011.",17615042029
158,"National Air and Space Museum Udvar-Hazy Center. July 9th, 2011.",17619087139
159,"National Air and Space Museum Udvar-Hazy Center. July 9th, 2011.",17625598508
160,"Monocacy National Battlefield, near Frederick, MD. July 10th, 2011.",17657840605
161,"West front of the United States Capitol, and the U.S. Grant Memorial, in Washington, DC. July 12th, 2011.",17661502471
162,"Mangialardo and Sons, Washington, DC. July 14th, 2011.",17665528520
163,"Smithsonian Castle, Washington, DC. July 14th, 2011.",17670801620
164,"Lincoln Memorial, Washington, DC. July 14th, 2011.",17677828342
165,"Lincoln Memorial, Washington, DC. July 14th, 2011.",17711918018
166,"Lincoln Memorial, Washington, DC. July 14th, 2011.",17715630519
167,"Antietam National Cemetery, Sharpsburg, MD. July 15th, 2011.",17719757538
168,"The Dunker church at Antietam National Battlefield. July 15th, 2011.",17725035371
169,"Bloody Lane, Antietam National Battlefield. July 15th, 2011.",17732064387
170,"Farm equipment at Antietam National Battlefield in Sharpsburg, MD. July 15th, 2011.",17766528912
171,"Antietam Creek, Sharpsburg, MD. July 15th, 2011.",17770807100
172,"Burnside’s Bridge, Antietam National Battlefield. July 15th, 2011.",17775489398
173,"Antietam National Battlefield, Sharpsburg, MD. July 15th, 2011.",17780979036
174,"Phipps Conservatory & Botanical Gardens, Pittsburgh, PA. July 16th, 2011.",17787697670
175,"Phipps Conservatory & Botanical Gardens, Pittsburgh, PA. July 16th, 2011.",17822537584
176,"Phipps Conservatory & Botanical Gardens, Pittsburgh. July 16th, 2011.",17828013428
177,"Bonsai, at Phipps Conservatory & Botanical Gardens, in Pittsburgh, PA. July 16th, 2011.",17834382603
178,"Pittsburgh, from the top of the Duquesne Incline. July 16th, 2011.",17841004431
179,"An artillery piece overlooking Cemetery Hill in Gettysburg, PA. July 17th, 2011.",17847633731
180,"Artillery piece on Cemetery Hill, Gettysburg, PA. July 17th, 2011.",17883438799
181,"A mass grave of Union soldiers at Gettysburg National Cemetery, Gettysburg, PA. July 17th, 2011.",17888744374
182,"A rifled gun at Gettysburg National Cemetery, Gettysburg, PA. July 17th, 2011.",17895301188
183,"Statue of Gen. Robert E. Lee at the Virginia Memorial in Gettysburg, PA. July 18th, 2011.",17902427899
184,"The Virginia Memorial in Gettysburg, PA. July 18th, 2011.",17909495258
185,"An artillery piece on Confederate lines at Gettysburg National Military Park. July 18th, 2011.",17946754892
186,"Little Round Top, Gettysburg. July 18th, 2011.",17952194945
187,"Pennsylvania State Memorial, Gettysburg, PA. July 18th, 2011.",17959035897
188,"Pennsylvania State Memorial at Gettysburg National Military Park. July 18th, 2011.",17966396046
189,"Strasburg Railroad, Lancaster county, PA. July 18th, 2011.",17973996808
190,"The Strasburg Rail Road No. 90 locomotive, in Strasburg, PA. July 18th, 2011.",18010527246
191,"The main atrium of the National Air & Space Museum in Washington, DC. July 25th, 2011.",18014901030
192,"Jefferson Memorial, Washington, DC. July 25th, 2011.",18020076705
193,"Jefferson Memorial, Washington, DC. July 25th, 2011.",18026107413
194,"Franklin Delano Roosevelt Memorial, Washington, DC. July 25th, 2011.",18033600004
195,"The Washington Monument at dusk. July 25th, 2011.",18070981037
196,"Jefferson Memorial, Washington, DC. July 25th, 2011.",18075434511
197,"Threepio at the National Museum of American History, in Washington, DC. July 26th, 2011.",18080508696
198,"The Old Post Office and the United States Capitol, on Pennsylvania Ave. in Washington, DC. July 26th, 2011.",18086456185
199,"Window washers in downtown Washington, DC. July 26th, 2011.",18093760213
200,"Library of Congress, Washington, DC. July 27th, 2011.",18130161726
201,"Library of Congress, Washington, DC. July 27th, 2011.",18134491271
202,"Library of Congress, Washington, DC. July 27th, 2011.",18139438969
203,"Library of Congress, Washington, DC. July 27th, 2011.",18145265266
204,"The east front of the United States Capitol, Washington, DC. July 27th, 2011.",18152063027
205,"The United States Supreme Court Building, Washington, DC. July 27th, 2011.",18188950871
206,"The United States Supreme Court Building, Washington, DC. July 27th, 2011.",18193442683
207,"Memorial to Robert Gould Shaw and the 54th Massachusetts Volunteer Infantry Regiment, by Augustus Saint-Gaudens, at the National Gallery of Art in Washington, DC. July 28th, 2011.",18198527266
208,"The House Where Lincoln Died, Washington, DC. July 29th, 2011.",18204540052
209,"Marine Corps War Memorial, Arlington, VA. July 30th, 2011.",18211876739
210,"Marine Corps War Memorial, Arlington, VA. July 30th, 2011.",18213053219
211,"Hirshhorn Museum & Sculpture Garden, Washington, DC. July 31st, 2011.",18220689050
212,"The Shenandoah river, in Harpers Ferry, WV. November 6th, 2011.",18249854519
213,"John Brown’s Fort, Harpers Ferry, WV. November 6th, 2011.",18255611296
214,"The Potomac, in Harpers Ferry, WV. November 6th, 2011.",18262331884
215,"Harpers Ferry, West Virginia. November 6th, 2011.",18269366621
216,"Rochester, NY. December 19th, 2011.",18276618881
217,"Skaneateles Lake, one of the Finger Lakes in central New York State. November 20th, 2011.",18315209818
218,"United States Memorial Arch, Valley Forge, PA. November 25th, 2011.",18320796986
219,"National Memorial Arch, Valley Forge, PA. November 25th, 2011.",18328012446
220,"Valley Forge Train Station, Valley Forge National Historical Park. November 25th, 2011.",18335858689
221,"George Washington’s headquarters at Valley Forge. November 25th, 2011.",18343726726
222,"A crosswalk in Valley Forge, PA. November 25th, 2011.",18356472119
223,"Washington Memorial Chapel, Valley Forge, PA. November 25th, 2011.",18356456345
224,"Corn Exchange National Bank building, on Chestnut St., Philadelphia, PA. November 26th, 2011.",18379976126
225,"Looking up at Liberty Place, Philadelphia, PA. November 26th, 2011.",18383542533
226,"Statue of Gen. George B. McClellan in front of the Philadelphia City Hall. November 26th, 2011.",18388010470
227,"The Thinker, at the Rodin Museum in Philadelphia. November 26th, 2011.",18393716122
228,"The Philadelphia Museum of Art. November 26th, 2011.",18401043303
229,"The Philadelphia skyline, from the top of the steps of the Philadelphia Museum of Art. November 27th, 2011.",18437848383
230,"Philadelphia Museum of Art. November 27th, 2011.",18441501923
231,"The Philadelphia skyline. November 27th, 2011.",18446003979
232,"The Washington Monument in Philadelphia. November 27th, 2011.",18451561752
233,"Ulysses S. Grant Memorial, Washington, DC. December 1st, 2011.",18458890189
234,"United States Capitol Building. December 1st, 2011.",18468773358
235,"The Library of Congress, Washington, DC. December 1st, 2011.",18492871776
236,"The Lincoln Memorial, at dusk. December 1st, 2011.",18493043543
237,"The Lincoln Memorial. December 1st, 2011.",18493672835
238,"National World War II Memorial, Washington, DC. December 1st, 2011.",18494665036
239,"The National World War II Memorial, with the Lincoln Memorial in the background. December 1st, 2011.",18496027653
240,"The Jefferson Memorial across the Tidal Basin, from the Martin Luther King, Jr. Memorial. December 1st, 2011.",18497731499
241,"The Martin Luther King Jr. Memorial, Washington, DC. December 1st, 2011.",18499672047
242,"The National Archives, Washington, DC. December 3rd, 2011.",18501729592
243,"The National Archives, Washington, DC. December 3rd, 2011.",18506007830
244,"Detail of the columns of the National Archives building, Washington, DC. December 3rd, 2011.",18506122054
245,"Pennsylvania Avenue and the United States Capitol, Washington, DC. December 3rd, 2011.",18508608856
246,"Caracas, looking east from the Mirador de La Alameda. January 7th, 2011.",18510324359
247,"Flatiron. January 18th, 2012.",18551390512
248,"Washington Square Arch, New York. January 18th, 2012.",18552493114
249,"George Washington on the Washington Square Arch, New York City. January 18th, 2012.",18607583554
250,"George Washington at Washington Square Park in New York City. January 18th, 2012.",18659708548
251,"Washington Square Arch, New York City. January 18th, 2012.",18664171205
252,"The Philadelphia skyline, from the top of the steps of the Philadelphia Museum of Art. November 27th, 2011.",18667629214
253,"The Caracas skyline, from Valle Arriba. January 7th, 2012.",18668278225
254,"Washington Square Arch, New York City. January 18th, 2012.",18668500186
255,"Washington Square Park, New York City. January 18th, 2012.",18681991535
256,"Washington Square Park, New York. January 18th, 2012.",18688986115
257,"The Flatiron Building, New York City. January 18th, 2012.",18726794216
258,"The Fifth Avenue side of the Flatiron Building, New York City. January 18th, 2012.",18732459464
259,"The Empire State Building, from Madison Square Park, New York City. January 18th, 2012.",18735225686
260,"The Empire State Building, from Fifth Avenue. January 18th, 2012.",18739710105
261,"Empire State Building. January 18th, 2012.",18742574472
262,"Empire State Building. January 18th, 2012.",18747379363
263,"Looking up at the Empire State Building from 34th Street. January 18th, 2012.",18751129835
264,"Corner of Sixth Avenue and 8th Street, New York City. January 18th, 2012.",18787880695
265,"Fifth Avenue from the steps of the New York Public Library. January 18th, 2012.",18789636864
266,"Rockefeller Center, New York City. January 18th, 2012.",18791124156
267,"Atlas, Fifth Avenue, New York City. January 18th, 2012.",18793646624
268,"St. Patrick’s Cathedral, New York City. January 18th, 2012.",18797384676
269,"Fifth Avenue Apple Store, New York City. January 18th, 2012.",18799243417
270,"Buildings in Soho, New York City. January 18th, 2012.",18804612255
271,"The New York harbor at sunset, from the Top of the Rock. January 18th, 2012.",18845063940
272,"New York at sunset, from the Top of the Rock. January 18th, 2012.",18847080974
273,"New York at sunset, from the Top of the Rock. January 18th, 2012.",18847612273
274,"The New York skyline at dusk, from the Top of the Rock. January 18th, 2012.",18848764172
275,"The Chicago river, north of the Loop. April 10th, 2011.",18850210704
276,"Wells Street Bridge, Chicago. April 10th, 2011.",18853141087
277,"John Hancock Center, Chicago. April 10th, 2011.",18855774098
278,"Columbus Circle, New York. January 19th, 2012.",18857805933
279,"Fifth Avenue, New York City. January 20th, 2012.",18863265928
280,"New York Public Library, New York. January 20th, 2012.",18869044145
281,"The New York Public Library. January 20th, 2012.",18874837753
282,"Fifth Avenue on a busy morning. January 20th, 2012.",18898189113
283,"Flags on Fifth Avenue. January 20th, 2012.",18901828949
284,"Atlas, Fifth Avenue, New York City. January 20th, 2012.",18903047488
285,"Fifth Avenue Apple Store, New York. January 20th, 2012.",18904504009
286,"Columbus Circle, New York. January 20th, 2012.",18911854366
287,"Vespas on Broadway. January 20th, 2012.",18916435712
288,"Herald Square, New York. January 20th, 2012.",18919275192
289,"Macy’s, New York City. January 20th, 2012.",18926770399
290,"Buildings reflected on glass near Herald Square. January 20th, 2012.",18944889417
291,"Snow on Park Avenue. January 21st, 2012.",18946630639
292,"The United States Capitol Building. February 5th, 2012.",18948716693
293,"Eisenhower Executive Office Building, Washington, DC. February 12th, 2012.",18951653689
294,"The Renwick Gallery, Washington, DC. February 12th, 2012.",18953224738
295,"The White House, Washington, DC. February 12th, 2012.",18957301396
296,"Dr. Martin Luther King, Jr. Memorial, Washington, DC. March 3rd, 2012.",18961536424
297,"MLK, Jr. Memorial, Washington, DC. March 3rd, 2012.",18963677853
298,"District of Columbia War Memorial, Washington, DC. March 3rd, 2012.",18966850940
299,"Lincoln Memorial, Washington, DC. March 3rd, 2012.",18998805221
300,"Abraham Lincoln at the Lincoln Memorial, Washington, DC. March 3rd, 2012.",18999657592
301,"Abraham Lincoln at the Lincoln Memorial. March 3rd, 2012.",19000246857
302,"Lincoln Memorial, Washington, DC. March 3rd, 2012.",19000590954
303,"Connecticut Avenue and Dupont Circle from Q Street, Washington, DC. March 1st, 2012.",19000640656
304,"The Cavalier Hotel in Virginia Beach, VA. March 23rd, 2012.",19951092373
305,"Cavalier Hotel, Virginia Beach. March 23rd, 2012.",19953210721
306,"Atlantic Avenue, Virginia Beach. March 23rd, 2012.",19954266647
307,"The Belvedere Motel, Virginia Beach. March 23rd, 2012.",19955715427
308,"Virginia Beach, Virginia. March 23rd, 2012.",19960568780
309,"Neptune’s Park, Virginia Beach. March 23rd, 2012.",19963385183
310,"Neptune’s Park, Virginia Beach. March 23rd, 2012.",19967049714
311,"Neptune’s Park, Virginia Beach. March 23rd, 2012.",19969207043
312,"The Virginia Beach Boardwalk. March 23rd, 2012.",19974077502
313,"The Virginia Beach, uh, beach. March 24th, 2012.",19976366257
314,"The Cavalier Hotel, Virginia Beach. March 24th, 2012.",20006045818
315,"Cavalier Hotel, Virginia Beach. March 24th, 2012.",20007673690
316,"USS Wisconsin, Norfolk, VA. March 25th, 2012.",20008482183
317,"USS Wisconsin, Norfolk, VA. March 25th, 2012.",20009441379
318,"USS Wisconsin, Norfolk, VA. March 25th, 2012.",20013081430
319,"The Homecoming, at Town Point Park, Norfolk, VA. March 25th, 2012.",20015767968
320,"USS Wisconsin, Norfolk, Virginia. March 25th, 2012.",20018653754
321,"Stonewall Jackson Shrine, Virginia. March 25th, 2012.",20022263538
322,"Stonewall Jackson Shrine, Virginia. March 25th, 2012.",20024625790
323,"Stonewall Jackson Shrine, Virginia. March 25th, 2012.",20027577317
324,"Stonewall Jackson Shrine, Virginia. March 25th, 2012.",20029000923
325,"Stonewall Jackson Shrine, Virginia. March 25th, 2012.",20031231384
326,"Barns just off I-95 near Fredericksburg, VA. March 25th, 2012.",20033653578
327,"Dwight D. Eisenhower Executive Office Building, Washington, DC. March 30th, 2012.",20190332426
328,"Lafayette Park, Washington, DC. March 30th, 2012.",20225016535
329,"Lafayette Park, Washington, DC. March 30th, 2012.",20227406416
330,"Treasury Building, Washington, DC. March 30th, 2012.",20283624573
331,"Old Patent Office Building, Washington, DC. March 30th, 2012.",20285609420
332,"The White House. March 30th, 2012.",20292520839
333,"Freer Gallery of Art, Washington, DC. March 31st, 2012.",20354141424
334,"Smithsonian Castle, Washington, DC. March 31st, 2012.",20355833201
335,"The United States Botanic Garden, Washington, DC. March 31st, 2012.",20358447245
336,"James Garfield Monument, Washington, DC. March 31st, 2012.",20368745348
337,"United States Capitol Building, Washington, DC. March 31st, 2012.",20373487576
338,"United States Capitol Building, Washington, DC. March 31st, 2012.",20380124284
339,"Library of Congress, Washington, DC. April 4th, 2012.",20490385588
340,"United States Supreme Court, Washington, DC. April 4th, 2012.",20520819304
341,"United States Supreme Court, Washington, DC. April 4th, 2012.",20527185212
342,"Kate, at the United States Navy Memorial in Washington, DC. April 6th, 2012.",20755987070
343,"Chinatown, Washington, DC. April 6th, 2012.",20842515848
344,"National Portrait Gallery, Washington, DC. April 6th, 2012.",20850742207
345,"National Portrait Gallery, Washington, DC. April 6th, 2012.",20855203840
346,"Penn Quarter, Washington, DC. April 6th, 2012.",20856913747
347,"United States Navy Memorial, Washington, DC. April 6th, 2012.",20858792986
348,"The National Archives building, Washington, DC. April 6th, 2012.",20864005297
349,"Capitol Hill Books, Washington, DC. April 11th, 2012.",20906045765
350,"Capitol Hill, Washington, DC. April 11th, 2012.",20907055250
351,"Capitol Hill, Washington, DC. April 11th, 2012.",20911262557
352,"Old Naval Hospital, Washington, DC. April 11th, 2012.",20912326248
353,"Capitol Hill, Washington, DC. April 11th, 2012.",20912913728
354,"Capitol Reflecting Pool, Washington, DC. April 14th, 2012.",21147433854
355,"16th St. NW, Washington, DC. April 14th, 2012.",21149691754
356,"The White House, Washington, DC. April 14th, 2012.",21206568056
357,"United States Chamber of Commerce, Washington, DC. April 14th, 2012.",21206952280
358,"The Old Post Office building, Washington, DC. April 14th, 2012.",21208191578
359,"Lafayette Square, Washington, DC. April 14th, 2012.",21209003927
360,"George Washington University, Washington, DC. April 14th, 2012.",21209516977
361,"Franklin D. Roosevelt memorial, Washington, DC. April 14th, 2012.",21210573200
362,"Concepcion, White House, Washington, DC. April 14th, 2012.",21211177857
363,"Eisenhower Executive Office Building, Washington, DC. April 14th, 2012.",21211616910
364,"Chinatown, Washington, DC. April 15th, 2012.",21276159735
365,"Chinatown, Washington, DC. April 15th, 2012.",21277523618
366,"Penn Quarter, Washington, DC. April 15th, 2012.",21278763337
367,"National Bank of Washington, Washington, DC. April 15th, 2012.",21279892946
368,"Washington Monument, Washington, DC. April 17th, 2012.",21281123881
369,"National Mall, Washington, DC. April 17th, 2012.",21282352089
370,"National Mall, Washington, DC. April 17th, 2012.",21284216458
371,"Ulysses S. Grant Memorial, Washington, DC. April 17th, 2012.",21286013037
372,"Smithsonian National Air & Space Museum, Virginia. April 19th, 2012.",21497655477
373,"Smithsonian National Air & Space Museum, Virginia. April 19th, 2012.",21500343456
374,"Smithsonian National Air & Space Museum, Virginia. April 19th, 2012.",21501878428
375,"Smithsonian National Air & Space Museum, Virginia. April 19th, 2012.",21503629745
376,"Smithsonian National Air & Space Museum, Virginia. April 19th, 2012.",21504975910
377,"Smithsonian National Air & Space Museum, Virginia. April 19th, 2012.",21505541329
378,"Smithsonian National Air & Space Museum, Virginia. April 19th, 2012.",21506104409
379,"Dupont Circle Metro Station, Washington, DC. April 27th, 2012.",21927525614
380,"Diego’s Hair Salon, Washington, DC.  April 27th, 2012.",21929049568
381,"Dupont Circle, Washington, DC. April 27th, 2012.",21931719077
382,"18th St. NW, Washington, DC. April 27th, 2012.",21932018760
383,"Chinatown, Washington, DC. April 29th, 2012.",22125895463
384,"CityCenterDC, Washington, DC. April 29th, 2012.",22126502624
385,"Grand Hyatt, Washington, DC. April 29th, 2012.",22126937379
386,"Capitol Hill, Washington, DC. April 30th, 2012.",22132518780
387,"Mangialardo and Sons. May 1st, 2012.",22193793516
388,"Mount Vernon, Virginia. May 1st, 2012.",22256980670
389,"Mount Vernon, Virginia. May 1st, 2012.",22258624166
390,"Mt. Vernon, Virginia. May 1st, 2012.",22259362374
391,"Mount Vernon, Virginia. May 1st, 2012.",22261191654
392,"Mount Vernon, Virginia. May 1st, 2012.",22262130313
393,"The Potomac at Mount Vernon. May 1st, 2012.",22263793552
394,"Mount Vernon, Virginia. May 1st, 2012.",22265818784
395,"Mount Vernon, Virginia. May 1st, 2012.",22267164981
396,"Mount Vernon, Virginia. May 1st, 2012.",22268001106
397,"Capitol Hill, Washington, DC. May 3rd, 2012.",22410644478
398,"Capitol Hill, Washington, DC. May 3rd, 2012.",22413264790
399,"Capitol Hill, Washington, DC. May 3rd, 2012.",22415179632
400,"United States Capitol Building, Washington, DC. May 5th, 2012.",22582349026
401,"Judiciary Square, Washington, DC. May 5th, 2012.",22583807111
402,"National Gallery of Art, Washington, DC. May 5th, 2012.",22585038124
403,"Madame Tussauds, Washington, DC. May 5th, 2012.",22586293323
404,"St. Patrick’s Catholic Church, Washington, DC. May 5th, 2012.",22586603939
405,"St. Patrick’s Catholic Church, Washington, DC. May 5th, 2012.",22587058399
406,"National Museum of Natural History, Washington, DC. May 5th, 2012.",22588485254
407,"Reflections on the Metro. May 5th, 2012.",22589386486
408,"Carroll St. NW, Washington, DC. May 6th, 2012.",22591024998
409,"Sugar Magnolia, Cleveland Park. May 6th, 2012.",22591611750
410,"Uptown Theater, Cleveland Park, Washington, DC. May 6th, 2012.",22591914431
411,"Capitol Hill, Washington, DC. May 7th, 2012.",22647655736
412,"Capitol Hill, Washington, DC. May 7th, 2012.",22649091178
413,"Flowers on E St SE. May 7th, 2012.",22649610933
414,"Pickup day on 6th St SE. May 7th, 2012.",22650087320
415,"Pennsylvania Avenue. May 7th, 2012.",22650905763
416,"Capitol Hill, Washington, DC. May 7th, 2012.",22651524183
417,"8th St SE, Washington, DC. May 7th, 2012.",22652003740
418,"Kitty paws. May 8th, 2012.",22661407540
419,"Toby. May 8th, 2012.",22674295643
420,"12th St, from Madison Dr NW. May 10th, 2012.",22788736756
421,"12th St NW, Washington, DC. May 10th, 2012.",22789365982
422,"Environmental Protection Agency building, Washington, DC. May 10th, 2012.",22790171858
423,"Environmental Protection Agency building, Washington, DC. May 10th, 2012.",22790743104
424,"National Museum of American History, Washington, DC. May 10th, 2012.",22792317799
425,"Washington Monument, Washington, DC. May 10th, 2012.",22793461407
426,"Reason, Ronald Reagan Building, Washington, DC. May 10th, 2012.",22795329876
427,"Justice, Ronald Reagan Building, Washington, DC. May 10th, 2012.",22795644524
428,"14th St & Pennsylvania Ave NW. May 10th, 2012.",22797522905
429,"Pennsylvania Avenue, next to Freedom Plaza. May 10th, 2012.",22798295415
430,"Freedom Plaza, Washington, DC. May 10th, 2012.",22799108385
431,"Fuck, yeah, DC. May 10th, 2012.",22800066371
432,"Leica Store, Washington, DC. May 10th, 2012.",22801532531
433,"Riggs Bank Building, Washington, DC. May 10th, 2012.",22802778460
434,"The Old Post Office Building. May 10th, 2012.",22804007048
435,"National Mall, Washington, DC. May 10th, 2012.",22805083223
436,"The Washington Monument, from the National Mall. May 10th, 2012.",22806122344
437,"The National Museum of Natural History. May 10th, 2012.",22807008993
438,"Smithsonian Metro Station. May 10th, 2012.",22809150020
439,"U.S. Grant Memorial, Washington, DC. July 14th, 2011.",23120962927
440,"Dupont Circle, Washington, DC. July 22nd, 2011.",23122418955
441,"National Air & Space Museum, Washington, DC. July 25th, 2011.",23129207128
442,"East Front of the United States Capitol Building. July 27th, 2011.",23130668578
443,"United States Marine Corps War Memorial, Arlington, VA. July 30th, 2011.",23131847774
444,"George. May 19th, 2012.",23366719731
445,"El Calafate, Argentina. December 13th, 2011.",23414244131
446,"El Calafate, Argentina. December 13th, 2012.",23416570319
447,"Corner of Defensa & Humberto Primero, Buenos Aires. December 18th, 2011.",23419629769
448,"Argentine National Congress, Buenos Aires. December 21st, 2011.",23423683631
449,"Recoleta, Buenos Aires, Argentina. December 21st, 2011.",23425293794
450,"Capitol South Metro Station, Washington, DC. May 20th, 2012.",23445140546
451,"The Staten Island Ferry and the Statue of Liberty. April 14th, 2011.",23480866573
452,"Top of the Rock, New York City. January 18th, 2012.",23482288378
453,"Top of The Rock, New York City. January 18th, 2012.",23483995078
454,"Washington Square Park, New York City. January 18th, 2012.",23485534759
455,"East Front of the United States Capitol Building. June 2nd, 2012.",24276058900
456,"West Front of the United States Capitol Building. June 2nd, 2012.",24279046521
457,"West Front of the United States Capitol Building. June 2nd, 2012.",24280502740
458,"United States Capitol Building. June 2nd, 2012.",24283167963
459,"1600 Pennsylvania Ave. August 27th, 2012.",30410861781
460,"LaFayette Park, Washington, DC. August 27th, 2012.",30864625537
461,"National Civil War Museum, Harrisburg, PA. August 29th, 2012.",30871186431
462,"Ithaca, NY. August 30th, 2012.",30881296870
463,"U.S. Department of Veteran Affairs, Washington, DC. September 4th, 2012.",30908793000
464,"Department of the Treasury, Washington, DC. September 5th, 2012.",30961250609
465,"Eisenhower Executive Office Building, Washington, DC. September 5th, 2012.",30989725979
466,"Renwick Gallery, Washington, DC. September 5th, 2012.",30991945943
467,"The White House. September 5th, 2012.",30995664885
468,"Hotel Washington. September 5th, 2012.",31000911034
469,"The Willard. September 5th, 2012.",31006566602
470,"Federal Triangle Metro Station. September 5th, 2012.",31014647574
471,"The National Mall. September 6th, 2012.",31051635372
472,"Department of Commerce, Washington, DC. September 6th, 2012.",31054201693
473,"14th St & Pennsylvania Ave NW. September 6th, 2012.",31057219700
474,"The Willard Washington Hotel. September 6th, 2012.",31059840377
475,10th St & E St NW. September 6th. 2012.,31064038064
476,"Metro Center. September 6th, 2012.",31067723421
477,"Farragut Square. September 6th, 2012.",31073354418
478,"Metro Center. September 6th, 2012.",31078895295
479,"Corner of 10th & F St NW. September 7th, 2012.",31125399133
480,"United States Navy Memorial. September 7th, 2012.",31128711470
481,"Farragut Square. September 7th, 2012.",31129594455
482,"The United States Capitol Building. September 9th, 2012.",31265009054
483,"The United States Capitol. September 9th, 2012.",31266859359
484,"The Washington Monument. September 9th, 2012.",31269290712
485,"The White House from the Washington Monument. September 9th, 2012.",31272620291
486,"Lincoln Memorial. September 9th, 2012.",31276087892
487,"Lincoln Memorial. September 9th, 2012.",31281386739
488,"Lincoln Memorial. September 9th, 2012.",31286688282
489,"Lincoln Memorial Reflecting Pool. September 9th, 2012.",31289442585
490,"The National Mall, Washington, DC. September 9th, 2012.",31292485827
491,"National Mall. September 9th, 2012.",31296198854
492,"Willard Hotel. September 11th, 2012.",31373116548
493,"Old Post Office Building. September 11th, 2012.",31394883782
494,"Old Post Office Building. September 12th, 2012.",31433867435
495,"Farragut Square. September 12th, 2012.",31456931413
496,"Connecticut Avenue. September 12th, 2012.",31458493922
497,"Department of the Treasury. September 12th, 2012.",31463398404
498,"The National Mall. September 13th, 2012.",31522232525
499,"EPA building. September 13th, 2012.",31525875466
500,"Washington Monument. September 13th, 2012.",31530890481
501,"Reason. September 13th, 2012.",31537163288
502,"Justice. September 13th, 2012.",31539843429
503,"Pennsylvania Avenue, Washington, DC. September 13th, 2012.",31547752499
504,"Lafayette Square. September 13th, 2012.",31552990228
505,"The White House. September 13th, 2012.",31581639796
506,"The White House. September 13th, 2012.",31583560158
507,"The White House. September 13th, 2012.",31589033708
508,"United States Capitol Grounds. September 14th, 2012.",31595189848
509,"U.S. Capitol building. September 14th, 2012.",31598264910
510,"United States Capitol. September 14th, 2012.",31598848084
511,"Statue of Freedom. September 14th, 2012.",31599740488
512,"United States Capitol. September 14th, 2012.",31614767621
513,"U.S. Grant Memorial, Washington, DC. September 15th, 2012.",31725107338
514,"U.S. Grant Memorial. September 15th, 2012.",31793639477
515,"U.S. Grant Memorial. September 15th, 2012.",31802078775
516,"Lincoln Memorial. September 15th, 2012.",31856207679
517,"Reflecting pool. September 15th, 2012.",31919498115
518,"Martin Luther King, Jr. Memorial. September 15th, 2012.",31926086550
519,"Korean War Veterans Memorial. September 15th, 2012.",31931208244
520,"Franklin Delano Roosevelt Memorial. September 15th, 2012.",31936875038
521,"Franklin Delano Roosevelt Memorial. September 15th, 2012.",31939834854
522,"Dupont Circle. September 17th, 2012.",33009825936
523,"Capitol Hill, October 2nd, 2012.",33084576454
524,"Occupy protesters in front of the White House, October 3rd, 2012.",33091126794
525,"Occupy protesters in front of the White House. October 3rd, 2012.",33109874153
526,"Grant Memorial. October 6th, 2012.",33155233809
527,"Hatitude. October 6th, 2012.",33166841390
528,"Dupont Circle. October 6th, 2012.",33170488797
529,"Library of Congress, Washington, DC. October 8th, 2012.",33228338974
530,"United States Capitol Building. October 8th, 2012.",33230076457
531,"East Front, Capitol Building. October 8th, 2012.",33233808382
532,"Tight fit. October 8th, 2012.",33239821470
533,"Reporting live. October 8th, 2012.",33241819982
534,"No Rifles Allowed. October 8th, 2012.",33244049901
535,"Great Falls Park, Virginia. January 26th, 2013.",41699601169
536,"Great Falls Park, Virginia. January 26th, 2013.",41783150509
537,"Great Falls Park, Virginia. January 26th, 2013.",41864938077
538,"Great Falls Park, Virginia. January 26th, 2013.",41944042867
539,"Great Falls Park, Virginia. January 26th, 2013.",42018873353
540,"Lincoln Memorial, Washington, DC. February, 2013.",42140776309
541,"My happy place. February 13th, 2013.",43046987438
542,"The Texas State Capitol, in Austin, TX. February 19th, 2013.",44137704881
543,"The Texas State Capitol in Austin, TX. February 20th, 2013.",44147183503
544,"Texas State Capitol, Austin, TX. February 19th, 2013.",44154561855
545,"The Texas State Capitol, Austin, TX. February 19th, 2013.",44228633319
546,"Congress Avenue, Austin. February 19th, 2013.",44230284254
547,"Congress Avenue, Austin, TX. February 19th, 2013.",44235683214
548,"Texas State Capitol, Austin. February 19th, 2013.",44299697750
549,"Old Post Office, Washington, DC. April 6, 2013.",47376146291
550,"Lincoln Memorial, Washington, DC. April 10th, 2013.",47698931461
551,"Lincoln Memorial. April 10th, 2013.",54299713605
552,"Row houses in Capitol Hill, Washington, DC. June 30th, 2013.",54431310202
553,"Paddle boat on the Tidal Basin. June 29th, 2013.",54431939430
554,"Washington Monument. June 29th, 2013.",54435989424
555,"Paddle boats on the Tidal Basin. June 29th, 2013.",54440415327
556,"Eisenhower Executive Office Building, all dressed up for the 4th of July. June 29th, 2013.",54445078817
557,"Jefferson Memorial. April 10th, 2013.",54512153899
558,"The Jefferson Memorial during the Cherry Blossom Festival. April 10th, 2013.",54515564438
559,"DC War Memorial. April 10th, 2013.",54519538160
560,"DC War Memorial. April 10th, 2013.",54523866479
561,"Lincoln Memorial. April 10th, 2013.",54528304464
562,"Rochambeau at Lafayette Park. July 3rd, 2013.",54547405469
563,"Kate at the Capitol Grounds. July 5th, 2013.",54911632814
564,"Punch buggy red. July 5th, 2013.",54914466586
565,"Chompers. July 6th, 2013.",54917787963
566,"The Old Post Office on Pennsylvania Avenue. July 6th, 2013.",54921684930
567,"Texas State Capitol, Austin. February 19th, 2013.",54997263548
568,"Texas State Capitol, Austin. February 19th, 2013.",55007854533
569,"Farragut West. July 11th, 2013.",55216487927
570,"Tandem biking on 17th & I St NW. July 18th, 2013.",55963229532
571,"Dupont Brass, Farragut Square. July 18th, 2013.",55963302665
572,"Naptime at the Library of Congress. July 20th, 2013.",55996083339
573,"The Philadelphia skyline from the bottom of the “Rocky steps” at the Museum of Art. July 14th, 2013.",55997626988
574,"National Mall. July 23rd, 2013.",56286001585
575,"Bike porn. July 23rd, 2013.",56286068368
576,"Bartholdi Fountain. April 7th, 2013.",56339393165
577,"United States Capitol Building, West Front. April 7th, 2013.",56352018219
578,"Lincoln Memorial. April 10th, 2013.",56374983262
579,"East Front of the United States Capitol. April 7th, 2013.",56431763880
580,"United States Capitol. April 6th, 2013.",56444472038
581,"United States Navy Memorial. April 6th, 2013.",56517813380
582,"National Mall. April 7th, 2013.",56523558902
583,"Department of the Treasury. July 26th, 2013.",56607918826
584,"Pennsylvania Avenue. July 26th, 2013.",56608345952
585,"United States Navy Memorial. July 27th, 2013.",56624762587
586,"United States Navy Memorial. July 27th, 2013.",56624799363
587,"Old Post Office. July 29th, 2013.",56883214224
588,"Independence Avenue. July 29th, 2013.",56896081346
589,"Nikon FE. I can’t wait to start taking photos with this baby. August 2nd, 2013.",57254835649
590,"Dolcezza Gelato, Dupont Circle. August 3rd, 2013.",57428091962
591,"Bob, at Trusty’s. August 3rd, 2013.",57433029078
592,"Dupont Circle. August 3rd, 2013.",57445809656
593,"Lafayette Square. August 2nd, 2013.",57526039382
594,"The White House. August 3rd, 2013.",57538744106
595,"Eisenhower Executive Office Building. August 3rd, 2013.",57618357901
596,"Freedom Plaza. August 3rd, 2013.",57630995267
597,"George Bob. August 7th, 2013.",57719650814
598,"Kate. August 10, 2013.",58959758139
599,George Bob. August 2013.,59674974968
600,Capitol Hill. August 2013.,59766353248
601,"Capitol Hill. August, 2013.",59968375630
602,"Dupont Circle. August, 2013.",60268567763
603,"Dupont Circle. August, 2013.",60359257631
604,"Dupont Circle. August, 2013.",60449565439
605,1900 M Street NW. August 2013.,60541097820
606,"Connecticut Avenue NW. August, 2013.",60649042153
607,"Department of the Treasury. August, 2013.",60752275624
608,"United States Capitol, East Front. August, 2013.",60843307571
609,"United States Capitol, West Front. August, 2013.",60932583038
610,Ulysses S. Grant Memorial. August 2013.,61022334590
611,"Ulysses S. Grant Memorial. August, 2013.",61111412355
612,"Q Street NW. August, 2013.",61202220672
613,"Eastern Market. August, 2013.",61303508221
614,"Ulysses S. Grant Memorial. August, 2013.",61405806680
615,"Fallen. U.S. Grant Memorial, Washington, DC. August 2013.",61497904495
616,United States Capitol. August 2013.,61587017610
617,"Metro Center. August, 2013.",61670521495
618,"Willard Hotel. August, 2013.",61757425694
619,"Sleepy George Bob. August, 2013.",61849193488
620,"Kate! August, 2013.",61957107391
621,"Connecticut Avenue NW. August, 2013.",62060114639
622,"Metro Center. August, 2013.",62151995350
623,"Potomac Avenue. August, 2013.",62241236654
624,"Lafayette Square. August, 2013.",62330376552
625,"Pennsylvania Avenue NW. August, 2013.",62417529181
626,"Lafayette Square. August, 2013.",62507996009
627,"Pennsylvania Avenue SE. August, 2013.",62615910938
628,"DZ, Niv and Cory at the Polygon office. August, 2013.",62716489799
629,"Cory & Jake, playing FIFA or whatever. August, 2013.",62808761240
630,"Jesse. August, 2013.",62900214111
631,"Department of the Treasury. August, 2013.",62994019923
632,"Hotel Washington. August, 2013.",63082062434
633,"Dinner with Kate. August, 2013.",63171638979
634,"Baltimore Harbor Tunnel. August, 2013.",63269730061
635,"The mighty Susquehanna. August, 2013.",63372252100
636,"Just outside of Baltimore. August, 2013.",63465722453
637,"On the way to Pennsylvania. August, 2013.",63555532548
638,"Kate. August, 2013.",63643842898
639,"Kate. August, 2013.",63730838925
640,"George Bob. August, 2013.",63821070800
641,"Toby. August, 2013.",63918268536
642,"Toby. August, 2013.",64017494403
643,"Toby. August, 2013.",64114195954
644,"Beans. August, 2013.",64205679120
645,"Kate. Totally missed focus, but I don’t care. September, 2013.",64296664047
646,"Eastern Market. September, 2013.",64386507260
647,"More Toby. September, 2013.",64475147655
648,"Toby. September, 2013.",64575224119
649,"The photo wall at Vox. September, 2013.",64679095044
650,"Hillsborough Vineyards, VA. September, 2013.",64773115387
651,"Hillsborough Vineyards, VA. September, 2013.",64864720051
652,"Hillsborough Vineyards, VA. September, 2013.",64954911839
653,"Hillsborough Vineyards, VA. September, 2013.",65043524024
654,"Kate, at our favorite Vietnamese restaurant. September, 2013.",65133594075
655,"Toby. September, 2013.",65231011861
656,"Kate, at Hillsborough Vineyards. September, 2013.",65335585943
657,"Capitol Hill. September, 2013.",65431836710
658,"Library of Congress. September, 2013.",65522659274
659,"United States Capitol. September, 2013.",65612227025
660,"United States Capitol. September, 2013.",65691899463
661,"United States Capitol. September, 2013.",65785034119
662,"Capitol Hill. September, 2013.",65888477046
663,"Connecticut Avenue NW. September, 2013.",65997671943
664,"Jake, Steve, and DZ at the Polygon office. September, 2013.",66093365726
665,"Tate. September, 2013.",66187462658
666,"Katharine & Sharon. September, 2013.",66279922591
667,"Jake. September, 2013.",66372325365
668,"The Polygon office at Vox. September, 2013.",66467248933
669,"Work stuff. September, 2013.",66571592229
670,"Ted & James. September, 2013.",66678117250
671,"Sharon & James. September, 2013.",66779898986
672,"Lovitt & Josh. September, 2013.",66874609617
673,"Trei & Clif. September, 2013.",66967464450
674,"Vox Media after hours. September, 2013.",67059576678
675,"Working on the “Atlas” hackathon. September, 2013.",67153908553
676,"Niv. September, 2013.",67259200635
677,"Sharon, Tyson & Josh. September, 2013.",67368310736
678,"Sharon & Tyson. September, 2013.",67467545084
679,"Niv. September, 2013.",67563732041
680,"Nationals vs. Phillies, Nationals Park. September, 2013.",67660494008
681,"Nationals vs. Phillies, Nationals Park. September, 2013.",67754130292
682,"Nationals vs. Phillies. September, 2013.",67849444672
683,"Washington Monument, from Nationals Park. September, 2013.",67956403008
684,"Dupont Circle, from the office. September, 2013.",68064224492
685,"United States Capitol. September, 2013.",68164437422
686,"Statue of Freedom. September, 2013.",68264042859
687,"United States Capitol, East Front. September, 2013.",68365491165
688,"National Mall. September, 2013.",68461823589
689,"Lincoln Memorial. September, 2013.",68564557886
690,"National Mall. September, 2013.",68671946417
691,"U.S. Grant Memorial. September, 2013.",68781666611
692,"Statue of Joseph Henry, Smithsonian Castle. September, 2013.",68881029677
693,"Kate! September, 2013.",68979180750
694,"Steve’s desk. September, 2013.",69076934583
695,"Just horsing around. September, 2013.",69172178274
696,"Kate & Angela. September, 2013.",69270313159
697,"Barracks Row, Capitol Hill. September, 2013.",69376775027
698,"Barracks Row Fall Festival. September, 2013.",69487155559
699,"Ice sculpture at the Barracks Row Fall Festival. September, 2013.",69590353503
700,"Lance Corporal Chesty the Bulldog. September, 2013.",69691947431
701,"Lance Corporal Chesty the Bulldog. September, 2013.",69788759197
702,"George Bob. September, 2013.",69882580163
703,"ROCKETSHIPS, and other mixed metaphors. October, 2013.",69977129187
704,"Product Team all-hands at Vox Media HQ. October, 2013.",70083442336
705,"Jim. October, 2013.",70192210957
706,"Cory. October, 2013.",70292629144
707,"Tyson. October, 2013.",70392243822
708,"James. October, 2013.",70490430267
709,"Hainesy & Clif. October, 2013.",70587978901
710,"Black Ops. October, 2013.",70685864192
711,"Uy & Dylan. October, 2013.",70788309185
712,"Ngan & Kelsey. October, 2013.",70898559115
713,"Trei. October, 2013.",71009830860
714,"Vox Product Team, in a nutshell. October, 2013.",71107270815
715,"Trei, dropping some knowledge. October, 2013.",71203897795
716,"Justin & Ryan. October, 2013.",71309440512
717,"The NPR Tech Team. October, 2013.",71415290790
718,"Jon & DZ. October, 2013.",71521857065
719,"One World Trade Center. October, 2013.",71637448845
720,"Brooklyn Bridge. October, 2013.",71751961101
721,"Brooklyn Bridge. October, 2013.",71848332355
722,"Brooklyn Bridge. October, 2013.",71967218086
723,"Brooklyn Bridge. October, 2013.",72087884746
724,"New York City. October, 2013.",72206038115
725,"Lower Manhattan. October, 2013.",72323296515
726,"New York City. October, 2013.",72443066226
727,"Brooklyn Bridge. October, 2013.",72554458049
728,"The Manhattan Bridge, from the Brooklyn Bridge. October, 2013.",72663964043
729,"Brooklyn, NY. October, 2013.",72768451433
730,"New York City. October, 2013.",75808639734
731,"New York City. October, 2013.",75909352866
732,"New York State Supreme Court, New York City. October, 2013.",76013753978
733,"Thurgood Marshall United States Courthouse, New York City. October, 2013.",76127416188
734,"Broadway, New York City. October, 2013.",76233487098
735,"City Hall Park, New York City. October, 2013.",76336630090
736,"New York City. October, 2013.",76437639567
737,"One World Trade Center from SoHo. October, 2013.",76539903394
738,"34th Street/Penn Station. October, 2013.",76643646688
739,"Broadway, New York City. October, 2013.",76745986273
740,"8th Avenue, New York City. October, 2013.",76857636481
741,"Brent. October, 2013.",76970217818
742,"Lake Champlain, Burlington, VT. October, 2013.",77081124532
743,"Lake Champlain, Burlington, VT. October, 2013.",77186452621
744,"Ridin’ High. Burlington, VT. October, 2013.",77289386184
745,"Lunch with Kate at American Flatbread, Burlington, VT. October, 2013.",77603808799
746,"City Hall Park, Burlington, VT. October, 2013.",77713959413
747,"Burlington, VT. October, 2013.",77817262021
748,"Church Street, Burlington, VT. October, 2013.",77918865931
749,"Main Street, Burlington, VT. October, 2013.",78019516178
750,"Burlington, VT. October, 2013.",78119918750
751,"Kate, at Smugglers’ Notch, VT. October, 2013.",78222083595
752,"Smugglers’ Notch, VT. October, 2013.",78332999264
753,"Kate, at Smugglers’ Notch, VT. October, 2013.",78450769090
754,"Yours truly, photo by Kate. October, 2013.",78556524756
755,"Somewhere in Vermont. October, 2013.",78658567999
756,"Lake Champlain, from Grand Isle State Park, VT. October, 2013.",78758207223
757,"Grand Isle, VT. October, 2013.",78857715255
758,"9/11 Memorial on Lake Champlain. October, 2013.",78960334448
759,"Kate. October, 2013.",79068517516
760,"Lake Champlain. October, 2013.",81294336101
761,"Lake Champlain, Vermont. October, 2013.",81308987558
762,"Hiking the Island Line Train on Lake Champlain. October, 2013.",81393599787
763,"The Island Line Trail on Lake Champlain, VT. October, 2013.",81407787111
764,"Downtown Burlington, VT. El Cortijo is an amazing mexican restaurant near Church Street. October, 2013.",81491361971
765,"Church Street, Burlington, VT. October, 2013.",81505743183
766,"Kate, at The Farmhouse Tap & Grill, Burlington, VT. October, 2013.",81588915508
767,"Burlington, VT. October, 2013.",81603119795
768,"Burlington, VT. October, 2013.",81683648262
769,"Winooski, VT. October, 2013.",81697755367
770,"Winooski, VT. October, 2013.",81782398690
771,"Winooski, VT. October, 2013.",81799640198
772,"Winooski, VT. October, 2013.",81888018451
773,"Spitty the kitty. Colchester, VT. October, 2013.",81906907477
774,"Ticonderoga, Shelburne Museum, VT. October, 2013.",81996279268
775,"Ticonderoga, Shelburne Museum, VT. October, 2013.",82010783198
776,"Ticonderoga, Shelburne Museum, VT. October, 2013.",82097949310
777,"Ticonderoga, Shelburne Museum, VT. October, 2013.",82112247081
778,"Ticonderoga, Shelburne Museum, VT. October, 2013.",82197750027
779,"Ticonderoga, Shelburne Museum, VT. October, 2013.",82211846357
780,"Ticonderoga, Shelburne Museum, VT. October, 2013.",82295787088
781,"Shelburne Museum, Shelburne, VT. October, 2013.",82309573626
782,"Shelburne Museum, Shelburne, VT. October, 2013.",82389324849
783,"Shelburne Museum, Shelburne, VT. October, 2013.",82402853469
784,"Shelburne Museum, Shelburne, VT. October, 2013.",82484192108
785,"Burlington, VT. October, 2013.",82501380463
786,"Kate & Moosley the cow. Burlington, VT. October, 2013.",82585866688
787,"Burlington, VT. October, 2013.",82604199899
788,"Burlington, VT. October, 2013.",82693332642
789,"Kate mourns at Ben & Jerry’s Flavor Graveyard. Waterbury, VT. October, 2013.",82708193809
790,"Waterbury, VT. October, 2013.",82795312548
791,"Kate. Montpelier, VT. October, 2013.",82810465125
792,"Vermont State House, Montpelier, VT. October, 2013.",82898085754
793,"Vermont State House. Montpelier, VT. October, 2013.",82900896683
794,"Montpelier, VT. October, 2013.",82912774642
795,"Montpelier, VT. October, 2013.",82999724184
796,"Mallets Bay, VT. October, 2013.",83014722944
797,"Colchester, VT. October, 2013.",83102529112
798,"Mallets Bay, VT. October, 2013.",83119565970
799,"Spitty the kitty. Colchester, VT. October, 2013.",83205212838
800,"Kate, at the August First Bakery. Burlington, VT. October, 2013.",83222293701
801,"August First Bakery, Burlington, VT. October, 2013.",83308171919
802,"Kitten. Colchester, VT. October, 2013.",83325548706
803,"Colchester, VT. October, 2013.",83416377378
804,"Saratoga National Historical Park, NY. October, 2013.",83432057749
805,"Saratoga National Historical Park, NY. October, 2013.",83522019667
806,"Saratoga National Historical Park, NY. October, 2013.",83536657889
807,"Saratoga National Historical Park, NY. October, 2013.",83623103841
808,"The Great Redoubt, Saratoga National Historical Park, NY. October, 2013.",83637459772
809,"Kate at Val-Kill. Hyde Park, NY. October, 2013.",83722419759
810,"Eleanor Roosevelt National Historic Site. Hyde Park, NY. October, 2013.",83736459966
811,"FDR Bridge, Poughkeepsie, NY. October, 2013.",83820640459
812,"Walkway Over The Hudson, Poughkeepsie, NY. October, 2013.",83834676210
813,"FDR Bridge, Poughkeepsie, NY. October, 2013.",83919246013
814,"Walkway Over The Hudson, Poughkeepsie, NY. October, 2013.",83936378525
815,"Poughkeepsie, NY. October, 2013.",84024176772
816,"Poughkeepsie, NY. October, 2013.",84042711821
817,"Poughkeepsie, NY. October, 2013.",84129567106
818,"Poughkeepsie, NY. October, 2013.",84143714370
819,"Poughkeepsie, NY. October, 2013.",84228611421
820,"Kate, on the Walkway Over The Hudson. October, 2013.",84242636840
821,"Baltimore, MD. October, 2013.",84326915853
822,"Baltimore, MD. October, 2013.",84340580039
823,"Baltimore, MD. October, 2013.",84427478793
824,"Capitol Hill. November, 2013.",84441625628
825,"Capitol Hill. November, 2013.",84524585928
826,"Great Falls, VA. December, 2013.",84538469403
827,"Great Falls, VA. December, 2013.",84621175346
828,"Mom & dad, at Great Falls. December, 2013.",84637891803
829,"Mom & sister, at Great Falls. December, 2013.",84723714881
830,"Great Falls, VA. December, 2013.",84741995663
831,"Nicky & Charlie. December, 2013.",84644789669
832,"Discovery at the National Air and Space Museum’s Udvar-Hazy Center. December, 2013.",84829977827
833,"Discovery, at the National Air & Space Museum Udvar-Hazy Center. December, 2013.",84839509829
834,"Enola Gay, at the National Air & Space Museum Udvar-Hazy Center. December, 2013.",84847907427
835,"SR-71 Blackbird, at the National Air & Space Museum Udvar-Hazy Center. December, 2013.",84924567261
836,"Valley Forge, PA. December, 2013.",84934368883
837,"Valley Forge, PA. December, 2013.",84945751473
838,"Mom & dad at Valley Forge. December, 2013.",85023337452
839,"My sister, at Valley Forge. December, 2013.",85033481437
840,"Valley Forge, PA. December, 2013.",85044909108
841,"Fort Washington, MD. December, 2013.",85122207499
842,"United States Capitol. February, 2014.",85132154964
843,"United States Capitol. February, 2014.",85143309539
844,"Fort Washington, MD. April, 2014.",85219235815
845,"Fort Washington, MD. April, 2014.",85229004293
846,"Fort Washington, MD. April, 2014.",85239835721
847,"Fort Washington, MD. April, 2014.",85329006764
848,"Artillery demonstration at Fort Washington. April, 2014.",85426059244
849,"The Jefferson Memorial across the Tidal Basin during this year’s Cherry Blossom Festival. April, 2014.",85532366465
850,"The Jefferson Memorial framed by cherry blossoms. April, 2014.",85550608858
851,"The Jefferson Memorial framed by cherry blossoms. April, 2014.",85630986009
852,"Paddles. April, 2014.",85649279781
853,"Jefferson Memorial. April, 2014.",85728678758
854,"Jefferson Memorial. April, 2014.",85746588742
855,"Jefferson Memorial. April, 2014.",85825569493
856,"Cherry blossoms at the Tidal Basin, Washington, DC. April, 2014.",85843729970
857,"Tidal Basin. April, 2014.",85920917384
858,"The Jefferson Memorial across the Tidal Basin. April, 2014.",85938011912
859,"Tidal Basin. April, 2014.",86016050785
860,"Tidal Basin, Washington, DC. April, 2014.",86035920149
861,"Tidal Basin, Washington, DC. April, 2014.",86116158209
862,"Tidal Basin, Washington, DC. April, 2014.",86138141022
863,"Tidal Basin, Washington, DC. April, 2014.",86218202889
864,"Martin Luther King Memorial, Washington, DC. April, 2014.",86236639329
865,"Tidal Basin, Washington, DC. April, 2014.",86315721013
866,"The Washington Monument. April, 2014.",86333814666
867,"The Washington Monument. April, 2014.",86413164698
868,"The Washington Monument, framed by cherry blossoms. April, 2014.",86431319139
869,"Tidal Basin, Washington, DC. April, 2014.",86509459309
870,"Tidal Basin, Washington, DC. April, 2014.",86527088065
871,"The Washington Monument. April, 2014.",86603835316
872,"Tidal Basin, Washington, DC. April, 2014.",86621111153
873,"Tidal Basin, Washington, DC. April, 2014.",86699756663
874,"Washington Monument. April, 2014.",86719426878
875,"The United States Capitol. April, 2014.",86801199434
876,"The United States Capitol. Washington, DC.",86822494431
877,"Marine One over the Tidal Basin. April, 2014.",86904288700
878,"Jefferson Memorial. April, 2014.",86925807464
879,"The Washington Monument. April, 2014.",87008528440
880,"The National Mall. April, 2014.",87027170473
881,"National Mall. April, 2014.",87108920924
882,"Lincoln Memorial. April, 2014.",87127150908
883,"Washington Monument. April, 2014.",87208817594
884,"Washington Monument. April, 2014.",87226644138
885,"East Front of the United States Capitol. April, 2014.",87305924557
886,"East Front of the United States Capitol. April, 2014.",87323272062
887,"Statue of Freedom, United States Capitol. April, 2014.",87401185206
888,"United States Capitol. April, 2014.",87420472871
889,"United States Capitol. April, 2014.",87500695664
890,"Statue of Freedom. April, 2014.",87522084471
891,"Cherry blossoms at Lower Senate Park. April, 2014.",87602980252
892,"Lower Senate Park. April, 2014.",87622012929
893,"Cherry blossoms at Lower Senate Park. April, 2014.",87703132327
894,"Statue of Nathanael Greene at Stanton Park. April, 2014.",87722187749
895,"Statue of Nathanael Greene at Stanton Park. April, 2014.",87811691057
896,"East Capitol Street. April, 2014.",87900958164
897,"Peregrine Espresso. April, 2014.",87919621156
898,"United States Capitol, at sunset. April, 2014.",87994014636
899,"Library of Congress. April, 2014.",88011582897
900,"United States Capitol. April, 2014.",88086381170
901,"Garfield Memorial. April, 2014.",88104704318
902,"U.S. Grant Memorial. April, 2014.",88181129736
903,"United States Capitol, East Front. April, 2014.",88201278992
904,"Peace Monument, Washington, DC. April, 2014.",88281955720
905,"The National Mall at sunset. April, 2014.",88300920971
906,"The National Mall at sunset. April, 2014.",88381741452
907,"The National Mall at sunset. April, 2014.",88401078484
908,"Kate. April, 2014.",88489524192
909,"New Jersey Avenue. April, 2014.",88587497544
910,"Farragut Square. April, 2014.",88683218294
911,"Library of Congress. April, 2014.",88778078752
912,"Capitol Reflecting Pool. April, 2014.",88873783321
913,"Keystone XL protest at the National Mall. April, 2014.",88974145108
914,"Keystone XL protest at the National Mall. April, 2014.",89075367684
915,"Kate at the National Mall. April, 2014.",89175257142
916,"National Museum of Natural History. April, 2014.",89277507438
917,"National Museum of Natural History. April, 2014.",89376791292
918,"Connecticut Avenue NW. April, 2014.",89471395017
919,"Eastern Market. April, 2014.",89570281229
920,"Eastern Market. April, 2014.",89673012868
921,"Union Station. May, 2014.",89775536820
922,"Union Station, Washington, DC. May, 2014.",89877550525
923,"Union Station. May, 2014.",89978512355
924,"Union Station, Washington, DC. May, 2014.",90077350442
925,"Columbus Circle. May, 2014.",90172607856
926,"Union Station. May, 2014.",90268590101
927,"Union Station. May, 2014.",90370402873
928,"Union Station. May, 2014.",90472944524
929,"Winterthur Museum in Wilmington, Delaware. May, 2014.",90573570554
930,"Kate at Winterthur Museum in Delaware. May, 2014.",90674942738
931,"Winterthur Museum, Wilmington, DE. May, 2014.",90774744455
932,"Winterthur Museum. May, 2014.",90865217694
933,"Winterthur Museum, Wilmington, DE. May, 2014.",90961371337
934,"George Bob. June, 2014.",91064057036
935,"West Front of the U.S. Capitol. June, 2014.",91167229752
936,"National Mall. June, 2014.",91269336771
937,"Union Station. June, 2014.",91370644179
938,"Union Station. June, 2014.",91470258730
939,"Union Station. June, 2014.",91564694151
940,"Kate & George. June, 2014.",91660027874
941,"George Bob. June, 2014.",91762195670
942,"Capitol Reflecting Pool. June, 2014.",91864903410
943,"National Gallery of Art Sculpture Garden. June, 2014.",91965811893
944,"George Bob again. June, 2014.",91990329584
945,"Capitol Hill. June, 2014.",92064837965
946,"Capitol Hill. June, 2014.",92155059789
947,"Capitol Hill. June, 2014.",92245597607
948,"Capitol Hill. June, 2014.",92338546650
949,"Capitol Hill. June, 2014.",92438878715
950,"Capitol Hill Oldsmobile. June, 2014.",92540235118
951,"Capitol Hill Oldsmobile. June, 2014.",92639746158
952,"Philadelphia, PA. June, 2014.",92658017373
953,"Philadelphia, PA. June, 2014.",92742200294
954,"Center City, Philadelphia. June, 2014.",92841057364
955,"Center City, Philadelphia. June, 2014.",92929686344
956,"Justin, pondering sandwiches, maybe. June, 2014.",93118812969
957,"Jake & Pablo, getting ready to hack. June, 2014.",93217954086
958,"Getting ready to HACK at Vax. June, 2014.",93315499872
959,"Everyone getting ready to HACK at Vax. June, 2014.",93411536272
960,"Hainesy & Josh on a coffee run during Vax. June, 2014.",93505896877
961,"Georgia, Jason, and Josh, working on Bongo. June, 2014.",93596999630
962,"Jesse, Scott, Carmen, Tate, and Derek. June, 2014.",93687972946
963,"Dan & Lovitt. June, 2014.",93784840623
964,"The Product Team hacking away at Vax. June, 2014.",93881785188
965,"Elite, Tate, Nicole, Rebecca, and Adam. June, 2014.",93977586898
966,"Skip, Sharon, DZ, Matt, Elite, and Mandy. June, 2014.",94072945184
967,"Georgia & Josh. June, 2014.",94165488143
968,"Dan. June, 2014.",94254948682
969,"The Vox Media Product Team at Vax ’14. June, 2014.",94345596840
970,"Rittenhouse Square, Philadelphia. June, 2014.",94441758885
971,"Philadelphia, PA. June, 2014.",94541133782
972,"Philadelphia, PA. June, 2014.",94637402795
973,"Philadelphia, PA. June, 2014.",94731200421
974,"Philadelphia, PA. June, 2014.",94825874138
975,"Eastern Market. June, 2014.",96267653261
976,"National Building Museum. June, 2014.",96363047765
977,"National Building Museum. June, 2014.",96457597610
978,"Eastern Market Metro Station. June, 2014.",96543635611
979,"Eastern Market. June, 2014.",96624065536
980,"Handsome George. June, 2014.",96706759598
981,"Elevator selfie. July, 2014.",96783803024
982,"National Mall. Fourth of July, 2014.",96883581471
983,"Jefferson Memorial. Fourth of July, 2014.",96975862228
984,"Bartholdi Fountain. July, 2014.",97060879423
985,"National Mall. July, 2014.",97142678674
986,"National Mall. July, 2014.",97223809322
987,"World War II Memorial. July, 2014.",97305540417
988,"Lincoln Memorial. July, 2014.",97388172467
989,"Lincoln Memorial. July, 2014.",97478485767
990,"Lincoln Memorial. July, 2014.",97569699960
991,"Lincoln Memorial. July, 2014.",97653209651
992,"Connecticut Avenue. July, 2014.",97735456272
993,"Farragut West. July, 2014.",97813974463
994,"Farragut Square. July, 2014.",97905039084
995,"Connecticut Avenue. July, 2014.",97972738514
996,"Cake vs. Pie day at Vox Media HQ. July, 2014.",98060390363
997,"Kenilworth Aquatic Gardens. July, 2014.",98148936446
998,"Kenilworth Aquatic Gardens. July, 2014.",98230990274
999,"Kenilworth Aquatic Gardens. July, 2014.",98311656189
1000,"Kenilworth Aquatic Gardens. July, 2014.",98392474679
1001,"Kenilworth Aquatic Gardens. July, 2014.",98472297498
1002,"Kenilworth Aquatic Gardens. July, 2014.",98552952767
1003,"Kate. July, 2014.",98728514694
1004,"Annapolis, MD. July, 2014.",98810607411
1005,"7th & S streets NW. July, 2014",98893120728
1006,"Shaw. July, 2014.",105783087157
1007,"U Street. July, 2014.",105876651776
1008,"African-American Civil War Memorial. July, 2014.",105969977081
1009,"Ben’s Chili Bowl. July, 2014.",106064108616
1010,"U Street. July, 2014.",106149384123
1011,"U Street. July, 2014.",106235950452
1012,"Dupont Circle. July, 2014.",106325959515
1013,"Verge Hack Week kickoff, New York City. August, 2014.",106418562055
1014,"Pittsburgh, PA. October, 2014.",106518498514
1015,"Pittsburgh from Mt. Washington. October, 2014.",106617876468
1016,"Washington, DC. October, 2014.",106718681545
1017,"Washington, DC. October, 2014.",106803182034
1018,"Washington, DC. October, 2014.",106911802422
1019,"T-26 Texans over the Potomac. October, 2014.",107021153054
1020,"Washington Monument. October, 2014.",107118484461
1021,"Franklin D. Roosevelt Memorial, Washington, DC. October, 2014.",107224358015
1022,"East Potomac Park, Washington, DC. October, 2014.",107322118338
1023,"A yawn in three acts. December, 2014.",107415978053
1024,"Capitol Hill. December, 2014.",107510133168
1025,"New Year’s Eve dranks. December 31, 2014.",107604253379
1026,"Lincoln Memorial. January, 2015.",107698287416
1027,"The Washington Monument on a foggy night. January, 2015.",107798063111
1028,"National Mall. January, 2015.",107899700647
1029,"Washington Monument. January, 2015.",107992200663
1030,"National Mall. January, 2015.",108083267220
1031,"Korean War Veterans Memorial. January, 2015.",108173989467
1032,"Lincoln Memorial. January, 2015.",108264383881
1033,"Arlington from the Lincoln Memorial. January, 2015.",108355063527
1034,"Lincoln Memorial. January, 2015.",108451807794
1035,"The Washington Monument from the Lincoln Memorial. January, 2015.",108553191400
1036,"Georgetown. January, 2015.",108650825288
1037,"Under the Key Bridge. January, 2015.",108742282915
1038,"Georgetown. January, 2015.",108833352373
1039,"The Kennedy Center, from the Georgetown Waterfront. January, 2015.",108922507005
1040,"Georgetown Waterfront. January, 2015.",109013390568
1041,"Supreme Court Building. January, 2015.",109111311953
1042,"Union Station. January, 2015.",109210652328
1043,"Union Station. January, 2015.",109306964603
1044,"Union Station. January, 2015.",109399872232
1045,"Library of Congress. January, 2015.",109493571200
1046,"George. January, 2015.",109587504686
1047,"George. January, 2015.",109681083513
1048,"George. January, 2015.",109781040459
1049,"Rest in peace, little buddy. I’ll miss you forever.",112274530129
1050,"National Air and Space Museum, Washington, DC. March, 2015.",116215318834